{
  "$schema": "https://schema.management.azure.com/schemas/2015-01-01/deploymentTemplate.json#",
  "contentVersion": "1.0.0.0",
  "parameters": {
    "location": {
			"type": "string",
			"metadata": {
				"description": "Location for the VM, only certain regions support zones during preview."
			}
    },
    "replSetName": {
      "type": "string"
    },
    "adminUsername": {
      "type": "string"
    },
    "adminPassword": {
      "type": "securestring"
    },
    "mongoAdminUsername": {
      "type": "string"
    },
    "mongoAdminPassword": {
      "type": "securestring"
    },
    "namespace": {
      "type": "string"
    },
    "vmbasename": {
      "type": "string"
    },
    "osSettings": {
      "type": "object"
    },
    "vmSize": {
      "type": "string"
    },
    "dnsname": {
      "type": "string"
    },
    "secondaryNodeCount": {
      "type": "int"
    },
    "vmDiskCount": {
      "type": "int"
    },
    "sizeOfDataDiskInGB": {
      "type": "int"
    },
    "subnet": {
      "type": "object"
    },
    "staticIp": {
      "type": "string"
    },
    "zone":  {
      "type": "array"
    },
    "ipAddresses": {
      "type": "array"
    },
    "_artifactsLocation": {
        "type": "string"
    },
    "_artifactsLocationSasToken": {
        "type": "securestring"
    }
  },
  "variables": {
    "subnetRef": "[concat(resourceId('Microsoft.Network/virtualNetworks', parameters('subnet').vnet), '/subnets/', parameters('subnet').name)]",
    "ipLoopTemplateURL": "[concat(parameters('_artifactsLocation'),'/nested/getIpAddress.json',parameters('_artifactsLocationSasToken'))]",
    "securityGroupName": "[concat(parameters('namespace'), parameters('vmbasename'), 'nsg')]"
  },
  "resources": [
    {
      "apiVersion": "2015-06-15",
      "type": "Microsoft.Network/networkSecurityGroups",
      "name": "[variables('securityGroupName')]",
      "location": "[parameters('location')]",
      "properties": {
        "securityRules": [
          {
            "name": "SSH",
            "properties": {
              "description": "Allows SSH traffic",
              "protocol": "Tcp",
              "sourcePortRange": "*",
              "destinationPortRange": "22",
              "sourceAddressPrefix": "*",
              "destinationAddressPrefix": "*",
              "access": "Allow",
              "priority": 100,
              "direction": "Inbound"
            }
          },
          {
            "name": "MongoDB",
            "properties": {
              "description": "Allows MongoDB traffic",
              "protocol": "Tcp",
              "sourcePortRange": "*",
              "destinationPortRange": "27017",
              "sourceAddressPrefix": "*",
              "destinationAddressPrefix": "*",
              "access": "Allow",
              "priority": 110,
              "direction": "Inbound"
            }
          }
        ]
      }
    },
    {
      "apiVersion": "2017-08-01",
      "type": "Microsoft.Network/publicIPAddresses",
      "name": "[concat(parameters('namespace'), parameters('vmbasename'), 'PublicIp')]",
      "zones": "[parameters('zone')]",
      "location": "[parameters('location')]",
      "properties": {
        "publicIPAllocationMethod": "Dynamic",
        "dnsSettings": {
          "domainNameLabel": "[parameters('dnsname')]"
        }
      }
    },
    {
      "type": "Microsoft.Resources/deployments",
      "apiVersion": "2015-01-01",
      "name": "[concat(parameters('namespace'), parameters('vmbasename'), 'nicIp')]",
      "dependsOn": [
        "[concat(parameters('namespace'), concat(parameters('vmbasename'), 'nic'))]"
      ],
      "properties": {
          "mode": "Incremental",
          "templateLink": {
              "uri": "[variables('ipLoopTemplateURL')]"
          },
          "parameters": {
              "ipConfig": {
                  "value": "[reference(concat(parameters('namespace'), concat(parameters('vmbasename'), 'nic'))).ipConfigurations[1].properties.privateIPAddress]"
              },
              "ipAddresses": {
                "value": "parameters('ipAddresses')" 
              }
          }
      }
    },
    {
      "apiVersion": "2017-03-30",
      "type": "Microsoft.Compute/virtualMachines",
      "name": "[concat(parameters('namespace'), parameters('vmbasename'), 'vm')]",
      "zones": "[parameters('zone')]",
      "location": "[parameters('location')]",
      "dependsOn": [
        "[concat('Microsoft.Network/networkInterfaces/', concat(parameters('namespace'), concat(parameters('vmbasename'), 'nic')))]"
      ],
      "properties": {
        "hardwareProfile": {
          "vmSize": "[parameters('vmSize')]"
        },
        "osProfile": {
          "computerName": "[concat(parameters('dnsname'), '-', concat(parameters('vmbasename'), 'vm'))]",
          "adminUsername": "[parameters('adminUsername')]",
          "adminPassword": "[parameters('adminPassword')]"
        },
        "storageProfile": {
          "imageReference": "[parameters('osSettings').imageReference]",
          "osDisk": {
            "name": "[concat(parameters('vmbasename'),'-osdisk')]",
            "caching": "ReadWrite",
            "createOption": "FromImage"
          },
          "copy": [
            {
                "name": "dataDisks",
                "count": "[parameters('vmDiskCount')]",
                "input": {
                    "diskSizeGB": "[parameters('sizeOfDataDiskInGB')]",
                    "lun": "[copyIndex('dataDisks')]",
                    "createOption": "Empty"
                }
            }
          ]
        },
        "networkProfile": {
          "networkInterfaces": [
            {
              "id": "[resourceId('Microsoft.Network/networkInterfaces', concat(parameters('namespace'), concat(parameters('vmbasename'), 'nic')))]"
            }
          ]
        }
      }
    },
    {
      "type": "Microsoft.Compute/virtualMachines/extensions",
      "name": "[concat(parameters('namespace'), parameters('vmbasename'), 'vm', '/primaryInstall')]",
      "apiVersion": "2017-03-30",
      "location": "[parameters('location')]",
      "dependsOn": [
        "[concat('Microsoft.Compute/virtualMachines/', concat(parameters('namespace'), concat(parameters('vmbasename'), 'vm')))]"
      ],
      "properties": {
        "publisher": "Microsoft.Azure.Extensions",
        "type": "CustomScript",
        "typeHandlerVersion": "2.0",
        "autoUpgradeMinorVersion": true,
        "settings": {
          "fileUris": "[parameters('osSettings').scripts]"
        },
        "protectedSettings": {
          "commandToExecute": "[concat('bash primary.sh ', parameters('dnsname'), ' ', parameters('secondaryNodeCount'), ' ', parameters('mongoAdminUsername'), ' ', parameters('mongoAdminPassword'), ' ', parameters('staticIp'), parameters('ipAddresses'))]"
        }
      }
    }
  ],
  "outputs": {}
}