﻿<?xml version="1.0" encoding="utf-8" ?>
<configuration>
  <configSections>
    <section name="log4net"
             type="log4net.Config.Log4NetConfigurationSectionHandler,Log4net"/>
  </configSections>

  <log4net>
    <appender name="AccessLogAppender" type="log4net.Appender.RollingFileAppender" >
      <file value="access.log" />
      <encoding value="utf-8" />
      <appendToFile value="true" />
      <!--<rollingStyle value="Date" />-->
      <rollingStyle value="Size" />
      <maxSizeRollBackups value="100" />
      <maximumFileSize value="100MB" />
      <staticLogFileName value="true" />-->
      <layout type="log4net.Layout.PatternLayout">
        <conversionPattern value="%message%n" />
      </layout>
      <filter type="log4net.Filter.LevelRangeFilter">
        <param name="LevelMin" value="FATAL"/>
        <param name="LevelMax" value="FATAL"/>
      </filter>
    </appender>

    <appender name="AppLogAppender" type="log4net.Appender.RollingFileAppender" >
      <file value="application.log" />
      <encoding value="utf-8" />
      <appendToFile value="true" />
      <!--<rollingStyle value="Date" />-->
      <rollingStyle value="Size" />
      <maxSizeRollBackups value="10" />
      <maximumFileSize value="10MB" />
      <staticLogFileName value="true" />-->
      <layout type="log4net.Layout.PatternLayout">
        <conversionPattern value="%date %level [%thread] %type.%method - %message%n" />
      </layout>
      <filter type="log4net.Filter.LevelRangeFilter">
        <param name="LevelMin" value="INFO"/>
        <param name="LevelMax" value="ERROR"/>
      </filter>
    </appender>

    <appender name="AppDebugLogAppender" type="log4net.Appender.RollingFileAppender" >
      <file value="application_debug.log" />
      <encoding value="utf-8" />
      <appendToFile value="true" />
      <!--<rollingStyle value="Date" />-->
      <rollingStyle value="Size" />
      <maxSizeRollBackups value="10" />
      <maximumFileSize value="10MB" />
      <staticLogFileName value="true" />-->
      <layout type="log4net.Layout.PatternLayout">
        <conversionPattern value="%date %level [%thread] %type.%method - %message%n" />
      </layout>
      <filter type="log4net.Filter.LevelRangeFilter">
        <param name="LevelMin" value="DEBUG"/>
        <param name="LevelMax" value="DEBUG"/>
      </filter>
    </appender>
    
    <appender name="ConsoleAppender" type="log4net.Appender.ConsoleAppender">
      <layout type="log4net.Layout.PatternLayout">
        <conversionPattern value="%date [%thread] %-5level %logger [%property{NDC}] - %message%newline" />
      </layout>
      <filter type="log4net.Filter.LevelRangeFilter">
        <param name="LevelMin" value="INFO"/>
        <param name="LevelMax" value="ERROR"/>
      </filter>
    </appender>

    <root>
      <level value="all" />
      <appender-ref ref="AccessLogAppender" />
      <appender-ref ref="AppLogAppender" />
      <appender-ref ref="ConsoleAppender" />
      <appender-ref ref="AppDebugLogAppender" />
    </root>
  </log4net>
</configuration>