﻿{
    "$schema": "http://schema.management.azure.com/schemas/2015-01-01/deploymentParameters.json#",
    "contentVersion": "1.0.0.0",
    "parameters": {
        "location": { "value": "West Europe" },
        "environmentName": { "value": "MyEnvironment" },
        "ipSslAddressCount": { "value": 1 },
        "worker1Size": { "value": "small" },
        "worker1Count": { "value": 2 },
        "worker2Size": { "value": "medium" },
        "worker2Count": { "value": 0 },
        "frontendSize": { "value": "medium" },
        "frontendCount": { "value": 2 },
        "worker3Size": { "value": "large" },
        "worker3Count": { "value": 0 },
        "vnetName": { "value": "MyVnet" },
        "vnetResourceGroupName": { "value": "MyVnetRG" },
        "subnetName": { "value": "MySubnet" },
        "serverFarmName": { "value": "MyServicePlan" },
        "serverFarmSKU": { "value": "Standard" },
        "serverFarmWorkerSize": { "value": "0" },
        "logicAppName" : { "value": "MyLogicApp"}
    }
    
}