{    "$schema": "https://schema.management.azure.com/schemas/viewdefinition/0.0.1-preview/ViewDefinition.json#",
        "views": [
        {
            "kind": "Overview",
            "properties": {
                "header": "Welcome to the ticket creation sample Azure Managed Application.",
                "description": "This managed application supports creating service now tickets."
            }
        },
        {
            "kind": "Associations",
            "properties": 
            {
                "description": "Create service request tickets!",
                "displayName": "Service Request Tickets",
                "targetResourceType": "Microsoft.Storage/storageAccounts",
                "columns": [
                    {
                        "key": "properties.ticketType",
                        "displayName": "Ticket Type"
                    },
                    {
                        "key": "properties.resourceType",
                        "displayName": "Resource Type"
                    },
                    {
                        "key": "properties.serviceNowSystemId",
                        "displayName": "System Id",
                        "optional": true
                    }
                ]
            }
        }
    ]
}