{
    "$schema": "https://schema.management.azure.com/schemas/viewdefinition/0.0.1-preview/ViewDefinition.json#",
    "views": [
        {
            "kind": "Overview",
            "properties": {
                "header": "Welcome to the post deployment sample Azure Managed Application.",
                "description": "This managed application shows how to perform post deployment updates to the managed resource group."
            }
        },
        {
            "kind": "CustomResources",
            "properties": {
                "displayName": "Custom Storage Accounts",
                "version": "1.0.0.0",
                "resourceType": "myCustomStorageAccounts",
                "createUIDefinition": {
                    "parameters": {
                        "steps": [
                            {
                                "name": "createCustomStorage",
                                "label": "Create Custom Storage Accounts",
                                "elements": [
                                    {
                                        "name": "name",
                                        "label": "Custom Storage Account Name",
                                        "type": "Microsoft.Common.TextBox",
                                        "defaultValue": "",
                                        "toolTip": "Provide a custom storage account name.",
                                        "constraints": {
                                            "required": true
                                        }
                                    },
                                    {
                                        "name": "customInput",
                                        "label": "Custom Storage Input",
                                        "type": "Microsoft.Common.TextBox",
                                        "defaultValue": "",
                                        "toolTip": "Provide a custom storage input.",
                                        "constraints": {
                                            "required": true
                                        }
                                    }
                                ]
                            }
                        ],
                        "outputs": {
                            "name": "[steps('createCustomStorage').name]",
                            "properties": {
                                "myCustomInputProperty": "[steps('createCustomStorage').customInput]",
                                "myCustomInputObject": {
                                    "Property1": "Value1"
                                }
                            }
                        }
                    }
                },
                "columns": [
                    {
                        "key": "name",
                        "displayName": "Name"
                    },
                    {
                        "key": "properties.myCustomInputProperty",
                        "displayName": "Custom Storage Input",
                        "optional": true
                    }
                ]
            }
        }
    ]
}