<Objs Version="1.1.0.1" xmlns="http://schemas.microsoft.com/powershell/2004/04">
  <Obj RefId="0">
    <TN RefId="0">
      <T>Microsoft.PowerShell.Commands.PSRepositoryItemInfo</T>
      <T>System.Management.Automation.PSCustomObject</T>
      <T>System.Object</T>
    </TN>
    <MS>
      <S N="Name">AdfsDsc</S>
      <Version N="Version">1.1.0</Version>
      <S N="Type">Module</S>
      <S N="Description">The AdfsDsc module contains DSC resources for deployment and configuration of Active Directory Federation Services.</S>
      <S N="Author">Simon Heather</S>
      <S N="CompanyName">X-Guardian</S>
      <S N="Copyright">(c) 2019 Guardian-Teck Ltd. All rights reserved.</S>
      <DT N="PublishedDate">2020-12-22T09:52:05+01:00</DT>
      <Obj N="InstalledDate" RefId="1">
        <DT>2021-03-17T10:55:42.7423878+01:00</DT>
        <MS>
          <Obj N="DisplayHint" RefId="2">
            <TN RefId="1">
              <T>Microsoft.PowerShell.Commands.DisplayHintType</T>
              <T>System.Enum</T>
              <T>System.ValueType</T>
              <T>System.Object</T>
            </TN>
            <ToString>DateTime</ToString>
            <I32>2</I32>
          </Obj>
        </MS>
      </Obj>
      <Nil N="UpdatedDate" />
      <URI N="LicenseUri">https://github.com/X-Guardian/AdfsDsc/blob/master/LICENSE</URI>
      <URI N="ProjectUri">https://github.com/X-Guardian/AdfsDsc</URI>
      <Nil N="IconUri" />
      <Obj N="Tags" RefId="3">
        <TN RefId="2">
          <T>System.Object[]</T>
          <T>System.Array</T>
          <T>System.Object</T>
        </TN>
        <LST>
          <S>DesiredStateConfiguration</S>
          <S>DSC</S>
          <S>DSCResource</S>
          <S>PSModule</S>
        </LST>
      </Obj>
      <Obj N="Includes" RefId="4">
        <TN RefId="3">
          <T>System.Collections.Hashtable</T>
          <T>System.Object</T>
        </TN>
        <DCT>
          <En>
            <S N="Key">Cmdlet</S>
            <Obj N="Value" RefId="5">
              <TNRef RefId="2" />
              <LST />
            </Obj>
          </En>
          <En>
            <S N="Key">Function</S>
            <Ref N="Value" RefId="5" />
          </En>
          <En>
            <S N="Key">RoleCapability</S>
            <Ref N="Value" RefId="5" />
          </En>
          <En>
            <S N="Key">Workflow</S>
            <Ref N="Value" RefId="5" />
          </En>
          <En>
            <S N="Key">Command</S>
            <Ref N="Value" RefId="5" />
          </En>
          <En>
            <S N="Key">DscResource</S>
            <Obj N="Value" RefId="6">
              <TNRef RefId="2" />
              <LST>
                <S>AdfsApplicationGroup</S>
                <S>AdfsApplicationPermission</S>
                <S>AdfsCertificate</S>
                <S>AdfsClaimDescription</S>
                <S>AdfsContactPerson</S>
                <S>AdfsFarm</S>
                <S>AdfsFarmNode</S>
                <S>AdfsGlobalAuthenticationPolicy</S>
                <S>AdfsGlobalWebContent</S>
                <S>AdfsNativeClientApplication</S>
                <S>AdfsOrganization</S>
                <S>AdfsProperties</S>
                <S>AdfsRelyingPartyTrust</S>
                <S>AdfsSslCertificate</S>
                <S>AdfsWebApiApplication</S>
                <S>MSFT_AdfsApplicationGroup</S>
                <S>MSFT_AdfsApplicationPermission</S>
                <S>MSFT_AdfsCertificate</S>
                <S>MSFT_AdfsClaimDescription</S>
                <S>MSFT_AdfsContactPerson</S>
                <S>MSFT_AdfsFarm</S>
                <S>MSFT_AdfsFarmNode</S>
                <S>MSFT_AdfsGlobalAuthenticationPolicy</S>
                <S>MSFT_AdfsGlobalWebContent</S>
                <S>MSFT_AdfsNativeClientApplication</S>
                <S>MSFT_AdfsOrganization</S>
                <S>MSFT_AdfsProperties</S>
                <S>MSFT_AdfsRelyingPartyTrust</S>
                <S>MSFT_AdfsSslCertificate</S>
                <S>MSFT_AdfsWebApiApplication</S>
              </LST>
            </Obj>
          </En>
        </DCT>
      </Obj>
      <Nil N="PowerShellGetFormatVersion" />
      <S N="ReleaseNotes">## [1.1.0] - 2020-12-22_x000A__x000D__x000A_### Added_x000D__x000A__x000D__x000A_- AdfsContactPerson_x000D__x000A_  - Added empty contact support_x000D__x000A_  ([issue #27](https://github.com/X-Guardian/AdfsDsc/issues/27))._x000D__x000A_- AdfsFarm_x000D__x000A_  - Added `AdminConfiguration` parameter ([issue #42](https://github.com/X-Guardian/AdfsDsc/issues/42))._x000D__x000A_- AdfsGlobalAuthenticationPolicy_x000D__x000A_  - Added integration tests._x000D__x000A_- AdfsOrganization_x000D__x000A_  - Added empty organization support_x000D__x000A_  ([issue #30](https://github.com/X-Guardian/AdfsDsc/issues/30))._x000D__x000A_  - Added integration tests._x000D__x000A_- AdfsProperties_x000D__x000A_  - Added integration tests._x000D__x000A__x000D__x000A_### Removed_x000D__x000A__x000D__x000A_- AdfsProperties_x000D__x000A_  - Removed obsolete properties `PromptLoginFederation` and `PromptLoginFallbackAuthenticationType`_x000D__x000A_  ([issue #34](https://github.com/X-Guardian/AdfsDsc/issues/34))._x000D__x000A_- AdfsFarmNode_x000D__x000A_  - Removed `Ensure` Parameter as `Remove-AdfsFarmNode` cmdlet is deprecated_x000D__x000A_  ([issue #36](https://github.com/X-Guardian/AdfsDsc/issues/36))._x000D__x000A__x000D__x000A_## 1.0.0_x000D__x000A__x000D__x000A_### Added_x000D__x000A__x000D__x000A_- AdfsWebApiApplication_x000D__x000A_  - Added support for access control policy parameters_x000D__x000A_  ([issue #19](https://github.com/X-Guardian/AdfsDsc/issues/19))._x000D__x000A_- AdfsRelyingPartyTrust_x000D__x000A_  - Added missing parameters_x000D__x000A_  ([issue #15](https://github.com/X-Guardian/AdfsDsc/issues/15))._x000D__x000A_  - Added support for access control policies and parameters_x000D__x000A_  ([issue #2](https://github.com/X-Guardian/AdfsDsc/issues/2))._x000D__x000A_  - Added support for SAML endpoints_x000D__x000A_  ([issue #3](https://github.com/X-Guardian/AdfsDsc/issues/3))._x000D__x000A__x000D__x000A_## 0.1.38-alpha_x000D__x000A__x000D__x000A_- Initial release</S>
      <Obj N="Dependencies" RefId="7">
        <TNRef RefId="2" />
        <LST />
      </Obj>
      <S N="RepositorySourceLocation">https://www.powershellgallery.com/api/v2</S>
      <S N="Repository">PSGallery</S>
      <S N="PackageManagementProvider">NuGet</S>
      <Obj N="AdditionalMetadata" RefId="8">
        <TN RefId="4">
          <T>System.Management.Automation.PSCustomObject</T>
          <T>System.Object</T>
        </TN>
        <MS>
          <S N="copyright">(c) 2019 Guardian-Teck Ltd. All rights reserved.</S>
          <S N="description">The AdfsDsc module contains DSC resources for deployment and configuration of Active Directory Federation Services.</S>
          <S N="requireLicenseAcceptance">False</S>
          <S N="releaseNotes">## [1.1.0] - 2020-12-22_x000A__x000D__x000A_### Added_x000D__x000A__x000D__x000A_- AdfsContactPerson_x000D__x000A_  - Added empty contact support_x000D__x000A_  ([issue #27](https://github.com/X-Guardian/AdfsDsc/issues/27))._x000D__x000A_- AdfsFarm_x000D__x000A_  - Added `AdminConfiguration` parameter ([issue #42](https://github.com/X-Guardian/AdfsDsc/issues/42))._x000D__x000A_- AdfsGlobalAuthenticationPolicy_x000D__x000A_  - Added integration tests._x000D__x000A_- AdfsOrganization_x000D__x000A_  - Added empty organization support_x000D__x000A_  ([issue #30](https://github.com/X-Guardian/AdfsDsc/issues/30))._x000D__x000A_  - Added integration tests._x000D__x000A_- AdfsProperties_x000D__x000A_  - Added integration tests._x000D__x000A__x000D__x000A_### Removed_x000D__x000A__x000D__x000A_- AdfsProperties_x000D__x000A_  - Removed obsolete properties `PromptLoginFederation` and `PromptLoginFallbackAuthenticationType`_x000D__x000A_  ([issue #34](https://github.com/X-Guardian/AdfsDsc/issues/34))._x000D__x000A_- AdfsFarmNode_x000D__x000A_  - Removed `Ensure` Parameter as `Remove-AdfsFarmNode` cmdlet is deprecated_x000D__x000A_  ([issue #36](https://github.com/X-Guardian/AdfsDsc/issues/36))._x000D__x000A__x000D__x000A_## 1.0.0_x000D__x000A__x000D__x000A_### Added_x000D__x000A__x000D__x000A_- AdfsWebApiApplication_x000D__x000A_  - Added support for access control policy parameters_x000D__x000A_  ([issue #19](https://github.com/X-Guardian/AdfsDsc/issues/19))._x000D__x000A_- AdfsRelyingPartyTrust_x000D__x000A_  - Added missing parameters_x000D__x000A_  ([issue #15](https://github.com/X-Guardian/AdfsDsc/issues/15))._x000D__x000A_  - Added support for access control policies and parameters_x000D__x000A_  ([issue #2](https://github.com/X-Guardian/AdfsDsc/issues/2))._x000D__x000A_  - Added support for SAML endpoints_x000D__x000A_  ([issue #3](https://github.com/X-Guardian/AdfsDsc/issues/3))._x000D__x000A__x000D__x000A_## 0.1.38-alpha_x000D__x000A__x000D__x000A_- Initial release</S>
          <S N="isLatestVersion">True</S>
          <S N="isAbsoluteLatestVersion">True</S>
          <S N="versionDownloadCount">2661</S>
          <S N="downloadCount">3265</S>
          <S N="packageSize">116074</S>
          <S N="published">22/12/2020 09:52:05 +01:00</S>
          <S N="created">22/12/2020 09:52:05 +01:00</S>
          <S N="lastUpdated">15/03/2021 02:12:15 +01:00</S>
          <S N="tags">DesiredStateConfiguration DSC DSCResource PSModule PSDscResource_AdfsApplicationGroup PSDscResource_AdfsApplicationPermission PSDscResource_AdfsCertificate PSDscResource_AdfsClaimDescription PSDscResource_AdfsContactPerson PSDscResource_AdfsFarm PSDscResource_AdfsFarmNode PSDscResource_AdfsGlobalAuthenticationPolicy PSDscResource_AdfsGlobalWebContent PSDscResource_AdfsNativeClientApplication PSDscResource_AdfsOrganization PSDscResource_AdfsProperties PSDscResource_AdfsRelyingPartyTrust PSDscResource_AdfsSslCertificate PSDscResource_AdfsWebApiApplication PSDscResource_MSFT_AdfsApplicationGroup PSDscResource_MSFT_AdfsApplicationPermission PSDscResource_MSFT_AdfsCertificate PSDscResource_MSFT_AdfsClaimDescription PSDscResource_MSFT_AdfsContactPerson PSDscResource_MSFT_AdfsFarm PSDscResource_MSFT_AdfsFarmNode PSDscResource_MSFT_AdfsGlobalAuthenticationPolicy PSDscResource_MSFT_AdfsGlobalWebContent PSDscResource_MSFT_AdfsNativeClientApplication PSDscResource_MSFT_AdfsOrganization PSDscResource_MSFT_AdfsProperties PSDscResource_MSFT_AdfsRelyingPartyTrust PSDscResource_MSFT_AdfsSslCertificate PSDscResource_MSFT_AdfsWebApiApplication PSIncludes_DscResource</S>
          <S N="developmentDependency">False</S>
          <S N="updated">2021-03-15T02:12:15Z</S>
          <S N="NormalizedVersion">1.1.0</S>
          <S N="Authors">Simon Heather</S>
          <S N="IsPrerelease">false</S>
          <S N="ItemType">Module</S>
          <S N="FileList">AdfsDsc.nuspec|AdfsDsc.psd1|en-US\about_AdfsDsc.help.txt|Modules\AdfsDsc.Common.psd1|DSCResources\MSFT_AdfsNativeClientApplication\MSFT_AdfsNativeClientApplication.psm1|DSCResources\MSFT_AdfsNativeClientApplication\README.md|DSCResources\MSFT_AdfsNativeClientApplication\MSFT_AdfsNativeClientApplication.schema.mof|DSCResources\MSFT_AdfsFarmNode\MSFT_AdfsFarmNode.schema.mof|DSCResources\MSFT_AdfsFarmNode\README.md|DSCResources\MSFT_AdfsFarmNode\MSFT_AdfsFarmNode.psm1|DSCResources\MSFT_AdfsClaimDescription\README.md|DSCResources\MSFT_AdfsClaimDescription\MSFT_AdfsClaimDescription.schema.mof|DSCResources\MSFT_AdfsClaimDescription\MSFT_AdfsClaimDescription.psm1|DSCResources\MSFT_AdfsFarm\MSFT_AdfsFarm.schema.mof|DSCResources\MSFT_AdfsFarm\MSFT_AdfsFarm.psm1|DSCResources\MSFT_AdfsFarm\README.md|DSCResources\MSFT_AdfsProperties\MSFT_AdfsProperties.schema.mof|DSCResources\MSFT_AdfsProperties\README.md|DSCResources\MSFT_AdfsProperties\MSFT_AdfsProperties.psm1|DSCResources\MSFT_AdfsOrganization\MSFT_AdfsOrganization.psm1|DSCResources\MSFT_AdfsOrganization\README.md|DSCResources\MSFT_AdfsOrganization\MSFT_AdfsOrganization.schema.mof|DSCResources\MSFT_AdfsApplicationPermission\MSFT_AdfsApplicationPermission.psm1|DSCResources\MSFT_AdfsApplicationPermission\MSFT_AdfsApplicationPermission.schema.mof|DSCResources\MSFT_AdfsApplicationPermission\README.md|DSCResources\MSFT_AdfsWebApiApplication\MSFT_AdfsWebApiApplication.psm1|DSCResources\MSFT_AdfsWebApiApplication\README.md|DSCResources\MSFT_AdfsWebApiApplication\MSFT_AdfsWebApiApplication.schema.mof|DSCResources\MSFT_AdfsApplicationGroup\MSFT_AdfsApplicationGroup.psm1|DSCResources\MSFT_AdfsApplicationGroup\README.md|DSCResources\MSFT_AdfsApplicationGroup\MSFT_AdfsApplicationGroup.schema.mof|DSCResources\MSFT_AdfsGlobalAuthenticationPolicy\README.md|DSCResources\MSFT_AdfsGlobalAuthenticationPolicy\MSFT_AdfsGlobalAuthenticationPolicy.psm1|DSCResources\MSFT_AdfsGlobalAuthenticationPolicy\MSFT_AdfsGlobalAuthenticationPolicy.schema.mof|DSCResources\MSFT_AdfsGlobalWebContent\MSFT_AdfsGlobalWebContent.psm1|DSCResources\MSFT_AdfsGlobalWebContent\README.md|DSCResources\MSFT_AdfsGlobalWebContent\MSFT_AdfsGlobalWebContent.schema.mof|DSCResources\MSFT_AdfsSslCertificate\MSFT_AdfsSslCertificate.schema.mof|DSCResources\MSFT_AdfsSslCertificate\README.md|DSCResources\MSFT_AdfsSslCertificate\MSFT_AdfsSslCertificate.psm1|DSCResources\MSFT_AdfsCertificate\MSFT_AdfsCertificate.psm1|DSCResources\MSFT_AdfsCertificate\README.md|DSCResources\MSFT_AdfsCertificate\MSFT_AdfsCertificate.schema.mof|DSCResources\MSFT_AdfsRelyingPartyTrust\MSFT_AdfsRelyingPartyTrust.schema.mof|DSCResources\MSFT_AdfsRelyingPartyTrust\README.md|DSCResources\MSFT_AdfsRelyingPartyTrust\MSFT_AdfsRelyingPartyTrust.psm1|DSCResources\MSFT_AdfsContactPerson\MSFT_AdfsContactPerson.psm1|DSCResources\MSFT_AdfsContactPerson\MSFT_AdfsContactPerson.schema.mof|DSCResources\MSFT_AdfsContactPerson\README.md|Modules\AdfsDsc.Common\AdfsDsc.Common.psm1|DSCResources\MSFT_AdfsNativeClientApplication\en-US\MSFT_AdfsNativeClientApplication.strings.psd1|DSCResources\MSFT_AdfsNativeClientApplication\en-US\about_AdfsNativeClientApplication.help.txt|DSCResources\MSFT_AdfsFarmNode\en-US\MSFT_AdfsFarmNode.strings.psd1|DSCResources\MSFT_AdfsFarmNode\en-US\about_AdfsFarmNode.help.txt|DSCResources\MSFT_AdfsClaimDescription\en-US\about_AdfsClaimDescription.help.txt|DSCResources\MSFT_AdfsClaimDescription\en-US\MSFT_AdfsClaimDescription.strings.psd1|DSCResources\MSFT_AdfsFarm\en-US\about_AdfsFarm.help.txt|DSCResources\MSFT_AdfsFarm\en-US\MSFT_AdfsFarm.strings.psd1|DSCResources\MSFT_AdfsProperties\en-US\MSFT_AdfsProperties.strings.psd1|DSCResources\MSFT_AdfsProperties\en-US\about_AdfsProperties.help.txt|DSCResources\MSFT_AdfsOrganization\en-US\about_AdfsOrganization.help.txt|DSCResources\MSFT_AdfsOrganization\en-US\MSFT_AdfsOrganization.strings.psd1|DSCResources\MSFT_AdfsApplicationPermission\en-US\about_AdfsApplicationPermission.help.txt|DSCResources\MSFT_AdfsApplicationPermission\en-US\MSFT_AdfsApplicationPermission.strings.psd1|DSCResources\MSFT_AdfsWebApiApplication\en-US\MSFT_AdfsWebApiApplication.strings.psd1|DSCResources\MSFT_AdfsWebApiApplication\en-US\about_AdfsWebApiApplication.help.txt|DSCResources\MSFT_AdfsApplicationGroup\en-US\MSFT_AdfsApplicationGroup.strings.psd1|DSCResources\MSFT_AdfsApplicationGroup\en-US\about_AdfsApplicationGroup.help.txt|DSCResources\MSFT_AdfsGlobalAuthenticationPolicy\en-US\about_AdfsGlobalAuthenticationPolicy.help.txt|DSCResources\MSFT_AdfsGlobalAuthenticationPolicy\en-US\MSFT_AdfsGlobalAuthenticationPolicy.strings.psd1|DSCResources\MSFT_AdfsGlobalWebContent\en-US\about_AdfsGlobalWebContent.help.txt|DSCResources\MSFT_AdfsGlobalWebContent\en-US\MSFT_AdfsGlobalWebContent.strings.psd1|DSCResources\MSFT_AdfsSslCertificate\en-US\about_AdfsSslCertificate.help.txt|DSCResources\MSFT_AdfsSslCertificate\en-US\MSFT_AdfsSslCertificate.strings.psd1|DSCResources\MSFT_AdfsCertificate\en-US\about_AdfsCertificate.help.txt|DSCResources\MSFT_AdfsCertificate\en-US\MSFT_AdfsCertificate.strings.psd1|DSCResources\MSFT_AdfsRelyingPartyTrust\en-US\about_AdfsRelyingPartyTrust.help.txt|DSCResources\MSFT_AdfsRelyingPartyTrust\en-US\MSFT_AdfsRelyingPartyTrust.strings.psd1|DSCResources\MSFT_AdfsContactPerson\en-US\about_AdfsContactPerson.help.txt|DSCResources\MSFT_AdfsContactPerson\en-US\MSFT_AdfsContactPerson.strings.psd1|Modules\AdfsDsc.Common\en-US\AdfsDsc.Common.strings.psd1</S>
          <S N="GUID">1cbcddd7-852b-459d-8e4c-01bd72b0866f</S>
          <S N="PowerShellVersion">5.1</S>
          <S N="CLRVersion">4.0</S>
          <S N="CompanyName">Guardian-Teck Ltd</S>
        </MS>
      </Obj>
      <S N="InstalledLocation">C:\Users\yvand\Documents\PowerShell\Modules\AdfsDsc\1.1.0</S>
    </MS>
  </Obj>
</Objs>
