<Objs Version="1.1.0.1" xmlns="http://schemas.microsoft.com/powershell/2004/04">
  <Obj RefId="0">
    <TN RefId="0">
      <T>System.Management.Automation.PSCustomObject</T>
      <T>System.Object</T>
    </TN>
    <MS>
      <S N="Name">PSDscResources</S>
      <S N="Version">2.12.0.0</S>
      <Obj N="Type" RefId="1">
        <TN RefId="1">
          <T>Microsoft.PowerShell.PSResourceGet.UtilClasses.ResourceType</T>
          <T>System.Enum</T>
          <T>System.ValueType</T>
          <T>System.Object</T>
        </TN>
        <ToString>Module</ToString>
        <I32>1</I32>
      </Obj>
      <S N="Description">This module contains the standard DSC resources._x000D__x000A_Because PSDscResources overwrites in-box resources, it is only available for WMF 5.1. Many of the resource updates provided here are also included in the xPSDesiredStateConfiguration module which is still compatible with WMF 4 and WMF 5 (though that module is not supported and may be removed in the future)._x000D__x000A_</S>
      <S N="Author">Microsoft Corporation</S>
      <S N="CompanyName">Microsoft Corporation</S>
      <S N="Copyright">(c) 2016 Microsoft Corporation. All rights reserved.</S>
      <DT N="PublishedDate">2019-06-26T21:35:44.37</DT>
      <DT N="InstalledDate">2023-10-16T13:01:10.8337146-05:00</DT>
      <B N="IsPrerelease">false</B>
      <Nil N="UpdatedDate" />
      <URI N="LicenseUri">https://github.com/PowerShell/PSDscResources/blob/master/LICENSE</URI>
      <URI N="ProjectUri">https://github.com/PowerShell/PSDscResources</URI>
      <Nil N="IconUri" />
      <Obj N="Tags" RefId="2">
        <TN RefId="2">
          <T>System.String[]</T>
          <T>System.Array</T>
          <T>System.Object</T>
        </TN>
        <LST>
          <S>DesiredStateConfiguration</S>
          <S>DSC</S>
          <S>DSCResourceKit</S>
          <S>DSCResource</S>
          <S>AzureAutomationNotSupported</S>
          <S>PSModule</S>
          <S>PSDscResource_Archive</S>
          <S>PSDscResource_Environment</S>
          <S>PSDscResource_Group</S>
          <S>PSDscResource_GroupSet</S>
          <S>PSDscResource_MsiPackage</S>
          <S>PSDscResource_Registry</S>
          <S>PSDscResource_Script</S>
          <S>PSDscResource_Service</S>
          <S>PSDscResource_ServiceSet</S>
          <S>PSDscResource_User</S>
          <S>PSDscResource_WindowsFeature</S>
          <S>PSDscResource_WindowsFeatureSet</S>
          <S>PSDscResource_WindowsOptionalFeature</S>
          <S>PSDscResource_WindowsOptionalFeatureSet</S>
          <S>PSDscResource_WindowsPackageCab</S>
          <S>PSDscResource_WindowsProcess</S>
          <S>PSDscResource_ProcessSet</S>
          <S>PSIncludes_DscResource</S>
        </LST>
      </Obj>
      <Obj N="Includes" RefId="3">
        <TN RefId="3">
          <T>System.Collections.Hashtable</T>
          <T>System.Object</T>
        </TN>
        <DCT>
          <En>
            <S N="Key">Workflow</S>
            <Nil N="Value" />
          </En>
          <En>
            <S N="Key">Cmdlet</S>
            <Obj N="Value" RefId="4">
              <TNRef RefId="2" />
              <LST />
            </Obj>
          </En>
          <En>
            <S N="Key">RoleCapability</S>
            <Nil N="Value" />
          </En>
          <En>
            <S N="Key">DscResource</S>
            <Obj N="Value" RefId="5">
              <TNRef RefId="2" />
              <LST>
                <S>Archive</S>
                <S>Environment</S>
                <S>Group</S>
                <S>GroupSet</S>
                <S>MsiPackage</S>
                <S>Registry</S>
                <S>Script</S>
                <S>Service</S>
                <S>ServiceSet</S>
                <S>User</S>
                <S>WindowsFeature</S>
                <S>WindowsFeatureSet</S>
                <S>WindowsOptionalFeature</S>
                <S>WindowsOptionalFeatureSet</S>
                <S>WindowsPackageCab</S>
                <S>WindowsProcess</S>
                <S>ProcessSet</S>
              </LST>
            </Obj>
          </En>
          <En>
            <S N="Key">Function</S>
            <Nil N="Value" />
          </En>
          <En>
            <S N="Key">Command</S>
            <Obj N="Value" RefId="6">
              <TNRef RefId="2" />
              <LST />
            </Obj>
          </En>
        </DCT>
      </Obj>
      <S N="PowerShellGetFormatVersion"></S>
      <S N="ReleaseNotes">* Ports style fixes that were recently made in xPSDesiredStateConfiguration_x000D__x000A_  on test related files._x000D__x000A_* Ports most of the style upgrades from xPSDesiredStateConfiguration that have_x000D__x000A_  been made in files in the DscResources folder._x000D__x000A_* Ports fixes for the following issues:_x000D__x000A_  [Issue 505](https://github.com/PowerShell/xPSDesiredStateConfiguration/issues/505)_x000D__x000A_  [Issue 590](https://github.com/PowerShell/xPSDesiredStateConfiguration/issues/590)_x000D__x000A_  Changes to test helper Enter-DscResourceTestEnvironment so that it only_x000D__x000A_  updates DSCResource.Tests when it is longer than 120 minutes since_x000D__x000A_  it was last pulled. This is to improve performance of test execution_x000D__x000A_  and reduce the likelihood of connectivity issues caused by inability to_x000D__x000A_  pull DSCResource.Tests._x000D__x000A_* Fixes issue where MsiPackage Integration tests fail if the test HttpListener_x000D__x000A_  fails to start. Moves the test HttpListener objects to dynamically assigned,_x000D__x000A_  higher numbered ports to avoid conflicts with other services, and also checks_x000D__x000A_  to ensure that the ports are available before using them. Adds checks to_x000D__x000A_  ensure that no outstanding HTTP server jobs are running before attempting to_x000D__x000A_  setup a new one. Also adds additional instrumentation to make it easier to_x000D__x000A_  troubleshoot issues with the test HttpListener objects in the future._x000D__x000A_  Specifically fixes_x000D__x000A_  [Issue 142](https://github.com/PowerShell/PSDscResources/issues/142)_x000D__x000A_* Improved speed of Test-IsNanoServer function_x000D__x000A_* Remove the Byte Order Mark (BOM) from all affected files_x000D__x000A_* Opt-in to "Validate Module Files" and "Validate Script Files" common meta-tests_x000D__x000A_* Opt-in to "Common Tests - Relative Path Length" common meta-test_x000D__x000A_* Fix README markdownlint validation failures_x000D__x000A_* Move change log from README.md to CHANGELOG.md_x000D__x000A__x000D__x000A_</S>
      <Obj N="Dependencies" RefId="7">
        <TN RefId="4">
          <T>Microsoft.PowerShell.PSResourceGet.UtilClasses.Dependency[]</T>
          <T>System.Array</T>
          <T>System.Object</T>
        </TN>
        <LST />
      </Obj>
      <S N="RepositorySourceLocation">https://www.powershellgallery.com/api/v2</S>
      <S N="Repository">PSGallery</S>
      <Obj N="AdditionalMetadata" RefId="8">
        <TNRef RefId="0" />
        <MS>
          <S N="NormalizedVersion">2.12.0.0</S>
          <S N="IsPrerelease">False</S>
        </MS>
      </Obj>
      <S N="InstalledLocation">C:\Users\migreene\OneDrive - Microsoft\Documents\PowerShell\Modules</S>
    </MS>
  </Obj>
</Objs>